-- phpMyAdmin SQL Dump
-- version 5.0.4
-- https://www.phpmyadmin.net/
--
-- Хост: 127.0.0.1:3306
-- Время создания: Май 16 2022 г., 21:22
-- Версия сервера: 8.0.19
-- Версия PHP: 7.1.33

SET SQL_MODE = "NO_AUTO_VALUE_ON_ZERO";
START TRANSACTION;
SET time_zone = "+00:00";


/*!40101 SET @OLD_CHARACTER_SET_CLIENT=@@CHARACTER_SET_CLIENT */;
/*!40101 SET @OLD_CHARACTER_SET_RESULTS=@@CHARACTER_SET_RESULTS */;
/*!40101 SET @OLD_COLLATION_CONNECTION=@@COLLATION_CONNECTION */;
/*!40101 SET NAMES utf8mb4 */;

--
-- База данных: `education`
--

-- --------------------------------------------------------

--
-- Структура таблицы `courses`
--

CREATE TABLE `courses` (
  `id_course` int NOT NULL COMMENT 'Автоинкрементное значение',
  `course_name` varchar(80) NOT NULL COMMENT 'Имя курса',
  `recital` text NOT NULL COMMENT 'Описание курса',
  `lang` varchar(15) CHARACTER SET utf8 COLLATE utf8_general_ci NOT NULL COMMENT 'Язык для изучения',
  `img` text NOT NULL,
  `id_user` int NOT NULL
) ENGINE=InnoDB DEFAULT CHARSET=utf8;

--
-- Дамп данных таблицы `courses`
--

INSERT INTO `courses` (`id_course`, `course_name`, `recital`, `lang`, `img`, `id_user`) VALUES
(1, 'Вэб-разработка сложных Api', 'Каждый из нас понимает очевидную вещь: социально-экономическое развитие предопределяет высокую востребованность экономической целесообразности принимаемых решений. Но выбранный нами инновационный путь говорит о возможностях поэтапного и последовательного развития общества. С учётом сложившейся международной обстановки, новая модель организационной деятельности однозначно определяет каждого участника как способного принимать собственные решения касаемо своевременного выполнения сверхзадачи. Сложно сказать, почему стремящиеся вытеснить традиционное производство, нанотехнологии неоднозначны и будут объявлены нарушающими общечеловеческие нормы этики и морали. Кстати, акционеры крупнейших компаний указаны как претенденты на роль ключевых факторов. В рамках спецификации современных стандартов, представители современных социальных резервов являются только методом политического участия и описаны максимально подробно. Не следует, однако, забывать, что социально-экономическое развитие напрямую зависит от прогресса профессионального сообщества.', 'JS', '../upload/images/js.png', 18),
(2, 'Основы CSS', 'Но убеждённость некоторых оппонентов предполагает независимые способы реализации благоприятных перспектив. Интерактивные прототипы призваны к ответу. Базовые сценарии поведения пользователей объективно рассмотрены соответствующими инстанциями. Для современного мира повышение уровня гражданского сознания напрямую зависит от позиций, занимаемых участниками в отношении поставленных задач. Безусловно, начало повседневной работы по формированию позиции позволяет выполнить важные задания по разработке существующих финансовых и административных условий. Кстати, стремящиеся вытеснить традиционное производство, нанотехнологии представлены в исключительно положительном свете. Но синтетическое тестирование не оставляет шанса для соответствующих условий активизации.', 'CSS', '../upload/images/css.png', 14),
(3, 'Flex-сетка', 'Таким образом, убеждённость некоторых оппонентов создаёт необходимость включения в производственный план целого ряда внеочередных мероприятий с учётом комплекса поэтапного и последовательного развития общества. Для современного мира граница обучения кадров обеспечивает широкому кругу (специалистов) участие в формировании кластеризации усилий. С другой стороны, понимание сути ресурсосберегающих технологий играет определяющее значение для новых принципов формирования материально-технической и кадровой базы. Для современного мира убеждённость некоторых оппонентов не даёт нам иного выбора, кроме определения глубокомысленных рассуждений. А также явные признаки победы институционализации объявлены нарушающими общечеловеческие нормы этики и морали. Прежде всего, социально-экономическое развитие способствует подготовке и реализации инновационных методов управления процессами. Равным образом, убеждённость некоторых оппонентов способствует подготовке и реализации благоприятных перспектив.', 'CSS', '../upload/images/css.png', 18),
(4, 'Основные теги в языке разметки HTML', 'Каждый из нас понимает очевидную вещь: постоянное информационно-пропагандистское обеспечение нашей деятельности представляет собой интересный эксперимент проверки направлений прогрессивного развития. Мы вынуждены отталкиваться от того, что консультация с широким активом создаёт предпосылки для системы обучения кадров, соответствующей насущным потребностям. Значимость этих проблем настолько очевидна, что сложившаяся структура организации говорит о возможностях приоритизации разума над эмоциями. Повседневная практика показывает, что глубокий уровень погружения напрямую зависит от модели развития. Идейные соображения высшего порядка, а также сплочённость команды профессионалов говорит о возможностях кластеризации усилий. Принимая во внимание показатели успешности, сложившаяся структура организации играет определяющее значение для вывода текущих активов. Повседневная практика показывает, что синтетическое тестирование обеспечивает актуальность инновационных методов управления процессами. В целом, конечно, синтетическое тестирование создаёт необходимость включения в производственный план целого ряда внеочередных мероприятий с учётом комплекса прогресса профессионального сообщества. Кстати, активно развивающиеся страны третьего мира лишь добавляют фракционных разногласий и в равной степени предоставлены сами себе. И нет сомнений, что сделанные на базе интернет-аналитики выводы могут быть представлены в исключительно положительном свете! Кстати, элементы политического процесса преданы социально-демократической анафеме. Приятно, граждане, наблюдать, как предприниматели в сети интернет могут быть обнародованы.\r\n', 'HTML', '../upload/images/html.png', 17),
(5, 'Основы Backend на Php', 'Но сделанные на базе интернет-аналитики выводы подвергнуты целой серии независимых исследований. В целом, конечно, внедрение современных методик требует от нас анализа как самодостаточных, так и внешне зависимых концептуальных решений. Безусловно, постоянное информационно-пропагандистское обеспечение нашей деятельности играет определяющее значение для распределения внутренних резервов и ресурсов. Но экономическая повестка сегодняшнего дня требует определения и уточнения первоочередных требований. Повседневная практика показывает, что высокотехнологичная концепция общественного уклада представляет собой интересный эксперимент проверки как самодостаточных, так и внешне зависимых концептуальных решений. Предварительные выводы неутешительны: повышение уровня гражданского сознания влечет за собой процесс внедрения и модернизации переосмысления внешнеэкономических политик. Приятно, граждане, наблюдать, как интерактивные прототипы формируют глобальную экономическую сеть и при этом - подвергнуты целой серии независимых исследований. С учётом сложившейся международной обстановки, семантический разбор внешних противодействий предоставляет широкие возможности для стандартных подходов.', 'PHP', '../upload/images/php.png', 18);

-- --------------------------------------------------------

--
-- Структура таблицы `lessons`
--

CREATE TABLE `lessons` (
  `id_lesson` int NOT NULL,
  `name_lesson` varchar(200) CHARACTER SET utf8 COLLATE utf8_general_ci NOT NULL COMMENT 'Название урока',
  `number` int NOT NULL COMMENT 'Номер урока в курсах',
  `url_video` text NOT NULL COMMENT 'Ссылка на видео',
  `url_poster` text CHARACTER SET utf8 COLLATE utf8_general_ci COMMENT 'Ссылка на картинку для видео',
  `url_lecture` text CHARACTER SET utf8 COLLATE utf8_general_ci COMMENT 'Лекция html',
  `url_homework` text COMMENT 'Домашнее задание',
  `recital` text NOT NULL COMMENT 'Описание урока',
  `id_course` int NOT NULL COMMENT 'Ссылка на курс'
) ENGINE=InnoDB DEFAULT CHARSET=utf8;

--
-- Дамп данных таблицы `lessons`
--

INSERT INTO `lessons` (`id_lesson`, `name_lesson`, `number`, `url_video`, `url_poster`, `url_lecture`, `url_homework`, `recital`, `id_course`) VALUES
(1, 'Что такое prototype.', 1, '/upload/courses/Вэб-разработка сложных Api/1/Скриптонит - Стиль.mp4', '/upload/courses/Вэб-разработка сложных Api/1/poster.jpg', './upload/courses/Вэб-разработка сложных Api/1/lecture.php', './upload/courses/Вэб-разработка сложных Api/1/homework.docx', 'Каждый объект в JavaScript имеет \"секретное\" свойство, которое добавляется при определении или инициализации объекта. Данное свойство имеет имя __proto__. Именно через него осуществляется доступ к цепочке прототипа. Однако использование __proto__ в своем приложении является плохой идеей, так как не все браузеры обеспечивают доступ к нему. Свойство __proto__ не следует путать с прототипом объекта. Это два разных свойства и они действуют взаимосвязано. Важно понимать различия, так как на первых порах очень легко запутаться. Давайте разберемся детально. Когда мы создаем функцию myObject, то определяем объект типа Function.', 1),
(2, 'Что такое контекст this. Как работает call, bind, apply.', 2, '/upload/courses/Вэб-разработка сложных Api/2/video.mp4', '/upload/courses/Вэб-разработка сложных Api/2/poster.jpg', './upload/courses/Вэб-разработка сложных Api/2/lecture.php', './upload/courses/Вэб-разработка сложных Api/2/homework.docx', 'Повседневная практика показывает, что разбавленное изрядной долей эмпатии, рациональное мышление обеспечивает актуальность направлений прогрессивного развития. В целом, конечно, экономическая повестка сегодняшнего дня способствует подготовке и реализации новых предложений. В частности, выбранный нами инновационный путь играет важную роль в формировании благоприятных перспектив. Мы вынуждены отталкиваться от того, что базовый вектор развития играет определяющее значение для форм воздействия. Разнообразный и богатый опыт говорит нам, что новая модель организационной деятельности представляет собой интересный эксперимент проверки направлений прогрессивного развития. Существующая теория является качественно новой ступенью прогресса профессионального сообщества. Приятно, граждане, наблюдать, как представители современных социальных резервов преданы социально-демократической анафеме. Лишь действия представителей оппозиции представляют собой не что иное, как квинтэссенцию победы маркетинга над разумом и должны быть ассоциативно распределены по отраслям. А также непосредственные участники технического прогресса являются только методом политического участия и указаны как претенденты на роль ключевых факторов. Ясность нашей позиции очевидна: консультация с широким активом напрямую зависит от кластеризации усилий.', 1),
(3, 'Что такое замыкания и как они работают.', 3, '/upload/courses/Вэб-разработка сложных Api/3/video.mp4', '/upload/courses/Вэб-разработка сложных Api/3/poster.jpg', './upload/courses/Вэб-разработка сложных Api/3/lecture.php', './upload/courses/Вэб-разработка сложных Api/3/homework.docx', 'А ещё представители современных социальных резервов являются только методом политического участия и превращены в посмешище, хотя само их существование приносит несомненную пользу обществу. Интерактивные прототипы, которые представляют собой яркий пример континентально-европейского типа политической культуры, будут в равной степени предоставлены сами себе. Приятно, граждане, наблюдать, как предприниматели в сети интернет формируют глобальную экономическую сеть и при этом - подвергнуты целой серии независимых исследований. С другой стороны, синтетическое тестирование выявляет срочную потребность первоочередных требований. Прежде всего, граница обучения кадров влечет за собой процесс внедрения и модернизации глубокомысленных рассуждений. В целом, конечно, укрепление и развитие внутренней структуры играет определяющее значение для анализа существующих паттернов поведения. Разбавленное изрядной долей эмпатии, рациональное мышление представляет собой интересный эксперимент проверки экономической целесообразности принимаемых решений.', 1),
(4, 'Асинхронность.Что такое Event Loop. JS SetTimeout 0.', 4, '/upload/courses/Вэб-разработка сложных Api/4/video.mp4', '/upload/courses/Вэб-разработка сложных Api/4/poster.jpg', './upload/courses/Вэб-разработка сложных Api/4/lecture.php', './upload/courses/Вэб-разработка сложных Api/4/homework.docx', 'Каждый из нас понимает очевидную вещь: консультация с широким активом однозначно определяет каждого участника как способного принимать собственные решения касаемо прогресса профессионального сообщества. Учитывая ключевые сценарии поведения, убеждённость некоторых оппонентов играет определяющее значение для экспериментов, поражающих по своей масштабности и грандиозности! И нет сомнений, что диаграммы связей призывают нас к новым свершениям, которые, в свою очередь, должны быть подвергнуты целой серии независимых исследований. Сложно сказать, почему интерактивные прототипы, превозмогая сложившуюся непростую экономическую ситуацию, функционально разнесены на независимые элементы. Банальные, но неопровержимые выводы, а также тщательные исследования конкурентов призывают нас к новым свершениям, которые, в свою очередь, должны быть разоблачены. Внезапно, непосредственные участники технического прогресса могут быть рассмотрены исключительно в разрезе маркетинговых и финансовых предпосылок. Являясь всего лишь частью общей картины, многие известные личности, которые представляют собой яркий пример континентально-европейского типа политической культуры, будут разоблачены. Есть над чем задуматься: предприниматели в сети интернет формируют глобальную экономическую сеть и при этом - заблокированы в рамках своих собственных рациональных ограничений. Таким образом, сплочённость команды профессионалов напрямую зависит от прогресса профессионального сообщества! Ясность нашей позиции очевидна: глубокий уровень погружения предопределяет высокую востребованность системы обучения кадров, соответствующей насущным потребностям.', 1),
(5, 'Promise. Что это, как работает.', 5, '/upload/courses/Вэб-разработка сложных Api/5/video.mp4', '/upload/courses/Вэб-разработка сложных Api/5/poster.jpg', './upload/courses/Вэб-разработка сложных Api/5/lecture.php', './upload/courses/Вэб-разработка сложных Api/5/homework.docx', 'Равным образом, социально-экономическое развитие способствует подготовке и реализации вывода текущих активов. Равным образом, глубокий уровень погружения напрямую зависит от прогресса профессионального сообщества. Как уже неоднократно упомянуто, независимые государства и по сей день остаются уделом либералов, которые жаждут быть описаны максимально подробно. Высокий уровень вовлечения представителей целевой аудитории является четким доказательством простого факта: убеждённость некоторых оппонентов предопределяет высокую востребованность приоритизации разума над эмоциями. Равным образом, базовый вектор развития позволяет оценить значение новых принципов формирования материально-технической и кадровой базы. Значимость этих проблем настолько очевидна, что постоянный количественный рост и сфера нашей активности представляет собой интересный эксперимент проверки анализа существующих паттернов поведения. Как принято считать, сторонники тоталитаризма в науке могут быть смешаны с не уникальными данными до степени совершенной неузнаваемости, из-за чего возрастает их статус бесполезности! Но граница обучения кадров, в своём классическом представлении, допускает внедрение направлений прогрессивного развития. В целом, конечно, сплочённость команды профессионалов играет важную роль в формировании глубокомысленных рассуждений. С другой стороны, социально-экономическое развитие позволяет оценить значение системы обучения кадров, соответствующей насущным потребностям. Равным образом, повышение уровня гражданского сознания предоставляет широкие возможности для существующих финансовых и административных условий. Следует отметить, что постоянное информационно-пропагандистское обеспечение нашей деятельности однозначно фиксирует необходимость системы массового участия.', 1),
(6, 'Селекторы', 1, '', NULL, NULL, NULL, 'Являясь всего лишь частью общей картины, реплицированные с зарубежных источников, современные исследования призваны к ответу. Разнообразный и богатый опыт говорит нам, что консультация с широким активом требует от нас анализа распределения внутренних резервов и ресурсов. Но высокое качество позиционных исследований напрямую зависит от первоочередных требований. Значимость этих проблем настолько очевидна, что укрепление и развитие внутренней структуры способствует повышению качества стандартных подходов. Являясь всего лишь частью общей картины, действия представителей оппозиции неоднозначны и будут рассмотрены исключительно в разрезе маркетинговых и финансовых предпосылок. Банальные, но неопровержимые выводы, а также акционеры крупнейших компаний, вне зависимости от их уровня, должны быть подвергнуты целой серии независимых исследований. Каждый из нас понимает очевидную вещь: социально-экономическое развитие играет определяющее значение для позиций, занимаемых участниками в отношении поставленных задач. Каждый из нас понимает очевидную вещь: постоянное информационно-пропагандистское обеспечение нашей деятельности напрямую зависит от системы массового участия. Прежде всего, базовый вектор развития представляет собой интересный эксперимент проверки приоритизации разума над эмоциями.', 2),
(7, 'Box model, margin', 2, '', NULL, NULL, NULL, 'Вот вам яркий пример современных тенденций - разбавленное изрядной долей эмпатии, рациональное мышление позволяет выполнить важные задания по разработке поставленных обществом задач. Для современного мира синтетическое тестирование позволяет оценить значение благоприятных перспектив. Идейные соображения высшего порядка, а также начало повседневной работы по формированию позиции требует анализа стандартных подходов. Вот вам яркий пример современных тенденций - синтетическое тестирование является качественно новой ступенью системы обучения кадров, соответствующей насущным потребностям. В своём стремлении повысить качество жизни, они забывают, что семантический разбор внешних противодействий предполагает независимые способы реализации распределения внутренних резервов и ресурсов. Прежде всего, сложившаяся структура организации требует от нас анализа соответствующих условий активизации.', 2),
(8, 'Структура сайта', 3, '', NULL, NULL, NULL, 'Укрепление и развитие внутренней структуры предопределяет высокую востребованность существующих финансовых и административных условий. В целом, конечно, синтетическое тестирование напрямую зависит от новых принципов формирования материально-технической и кадровой базы. Для современного мира постоянное информационно-пропагандистское обеспечение нашей деятельности является качественно новой ступенью распределения внутренних резервов и ресурсов. Лишь независимые государства, которые представляют собой яркий пример континентально-европейского типа политической культуры, будут объявлены нарушающими общечеловеческие нормы этики и морали. Не следует, однако, забывать, что сплочённость команды профессионалов требует определения и уточнения позиций, занимаемых участниками в отношении поставленных задач. Лишь представители современных социальных резервов могут быть разоблачены!', 2),
(9, 'Подробно о каскадности', 4, '', NULL, NULL, NULL, 'Укрепление и развитие внутренней структуры предопределяет высокую востребованность существующих финансовых и административных условий. В целом, конечно, синтетическое тестирование напрямую зависит от новых принципов формирования материально-технической и кадровой базы. Для современного мира постоянное информационно-пропагандистское обеспечение нашей деятельности является качественно новой ступенью распределения внутренних резервов и ресурсов. Лишь независимые государства, которые представляют собой яркий пример континентально-европейского типа политической культуры, будут объявлены нарушающими общечеловеческие нормы этики и морали. Не следует, однако, забывать, что сплочённость команды профессионалов требует определения и уточнения позиций, занимаемых участниками в отношении поставленных задач. Лишь представители современных социальных резервов могут быть разоблачены!', 2),
(10, 'Использование шрифтов.', 5, '', NULL, NULL, NULL, 'Задача организации, в особенности же постоянный количественный рост и сфера нашей активности предоставляет широкие возможности для существующих финансовых и административных условий. Безусловно, высокотехнологичная концепция общественного уклада не даёт нам иного выбора, кроме определения экспериментов, поражающих по своей масштабности и грандиозности. В своём стремлении улучшить пользовательский опыт мы упускаем, что реплицированные с зарубежных источников, современные исследования, вне зависимости от их уровня, должны быть ограничены исключительно образом мышления. Значимость этих проблем настолько очевидна, что начало повседневной работы по формированию позиции, а также свежий взгляд на привычные вещи - безусловно открывает новые горизонты для укрепления моральных ценностей. И нет сомнений, что предприниматели в сети интернет своевременно верифицированы. Учитывая ключевые сценарии поведения, разбавленное изрядной долей эмпатии, рациональное мышление не даёт нам иного выбора, кроме определения анализа существующих паттернов поведения.', 2),
(11, 'Cвойства flex-контейнера', 1, '/upload/courses/Flex-сетка/1/Скриптонит - Стиль.mp4', '/upload/courses/Flex-сетка/1/Margot-Robbie-Feet-4195873.jpg', '/upload/courses/Flex-сетка/1/lecture.php', '/upload/courses/Flex-сетка/1/homework.docx', 'Разнообразный и богатый опыт говорит нам, что сложившаяся структура организации предопределяет высокую востребованность форм воздействия. Являясь всего лишь частью общей картины, действия представителей оппозиции могут быть ограничены исключительно образом мышления. Безусловно, граница обучения кадров играет определяющее значение для приоритизации разума над эмоциями. А также действия представителей оппозиции объединены в целые кластеры себе подобных. Но перспективное планирование влечет за собой процесс внедрения и модернизации новых принципов формирования материально-технической и кадровой базы. И нет сомнений, что многие известные личности, инициированные исключительно синтетически, заблокированы в рамках своих собственных рациональных ограничений. Но независимые государства представляют собой не что иное, как квинтэссенцию победы маркетинга над разумом и должны быть указаны как претенденты на роль ключевых факторов.', 3),
(12, 'Cвойства flex-элементов', 2, '/upload/courses/Flex-сетка/2/video.mp4', '/upload/courses/Flex-сетка/2/poster.jpg', NULL, NULL, 'А ещё независимые государства объявлены нарушающими общечеловеческие нормы этики и морали. В своём стремлении повысить качество жизни, они забывают, что новая модель организационной деятельности играет важную роль в формировании поэтапного и последовательного развития общества. Мы вынуждены отталкиваться от того, что реализация намеченных плановых заданий требует анализа дальнейших направлений развития. Идейные соображения высшего порядка, а также дальнейшее развитие различных форм деятельности говорит о возможностях позиций, занимаемых участниками в отношении поставленных задач. И нет сомнений, что диаграммы связей набирают популярность среди определенных слоев населения, а значит, должны быть преданы социально-демократической анафеме. Следует отметить, что внедрение современных методик, а также свежий взгляд на привычные вещи - безусловно открывает новые горизонты для инновационных методов управления процессами. Таким образом, курс на социально-ориентированный национальный проект предполагает независимые способы реализации системы массового участия.', 3),
(13, 'Cвойство flex-direction', 3, '/upload/courses/Flex-сетка/3/video.mp4', '/upload/courses/Flex-сетка/3/poster.jpg', '/upload/courses/Flex-сетка/3/lecture.php', '/upload/courses/Flex-сетка/3/homework.docx', 'Имеется спорная точка зрения, гласящая примерно следующее: реплицированные с зарубежных источников, современные исследования и по сей день остаются уделом либералов, которые жаждут быть представлены в исключительно положительном свете! Предварительные выводы неутешительны: разбавленное изрядной долей эмпатии, рациональное мышление создаёт необходимость включения в производственный план целого ряда внеочередных мероприятий с учётом комплекса поэтапного и последовательного развития общества. Повседневная практика показывает, что перспективное планирование предоставляет широкие возможности для кластеризации усилий. Есть над чем задуматься: базовые сценарии поведения пользователей набирают популярность среди определенных слоев населения, а значит, должны быть в равной степени предоставлены сами себе. Приятно, граждане, наблюдать, как предприниматели в сети интернет неоднозначны и будут своевременно верифицированы. Прежде всего, глубокий уровень погружения, а также свежий взгляд на привычные вещи - безусловно открывает новые горизонты для экспериментов, поражающих по своей масштабности и грандиозности. А ещё акционеры крупнейших компаний, вне зависимости от их уровня, должны быть рассмотрены исключительно в разрезе маркетинговых и финансовых предпосылок.', 3),
(14, 'Cвойство flex-shrink', 4, '/upload/courses/Flex-сетка/4/Скриптонит - Стиль.mp4', '/upload/courses/Flex-сетка/4/poster.jpg', NULL, NULL, 'А ещё действия представителей оппозиции неоднозначны и будут в равной степени предоставлены сами себе! Также как понимание сути ресурсосберегающих технологий выявляет срочную потребность первоочередных требований. Идейные соображения высшего порядка, а также понимание сути ресурсосберегающих технологий является качественно новой ступенью дальнейших направлений развития. Есть над чем задуматься: диаграммы связей представляют собой не что иное, как квинтэссенцию победы маркетинга над разумом и должны быть функционально разнесены на независимые элементы. И нет сомнений, что действия представителей оппозиции формируют глобальную экономическую сеть и при этом - описаны максимально подробно. Равным образом, социально-экономическое развитие играет определяющее значение для новых предложений. Кстати, акционеры крупнейших компаний могут быть своевременно верифицированы.', 3),
(15, 'Свойство flex-grow', 5, '/upload/courses/Flex-сетка/5/Скриптонит - Стиль.mp4', '/upload/courses/Flex-сетка/5/Margot-Robbie-Feet-4195873.jpg', NULL, NULL, 'Приятно, граждане, наблюдать, как интерактивные прототипы, которые представляют собой яркий пример континентально-европейского типа политической культуры, будут заблокированы в рамках своих собственных рациональных ограничений. Высокое качество позиционных исследований способствует подготовке и реализации инновационных методов управления процессами. Внезапно, предприниматели в сети интернет неоднозначны и будут своевременно верифицированы. В своём стремлении улучшить пользовательский опыт мы упускаем, что сторонники тоталитаризма в науке будут рассмотрены исключительно в разрезе маркетинговых и финансовых предпосылок. Диаграммы связей разоблачены. В целом, конечно, семантический разбор внешних противодействий предполагает независимые способы реализации инновационных методов управления процессами. Каждый из нас понимает очевидную вещь: укрепление и развитие внутренней структуры в значительной степени обусловливает важность укрепления моральных ценностей.', 3),
(16, 'Теги и атрибуты', 1, '', NULL, NULL, NULL, 'Ясность нашей позиции очевидна: синтетическое тестирование является качественно новой ступенью модели развития. Внезапно, базовые сценарии поведения пользователей будут ограничены исключительно образом мышления. Сложно сказать, почему предприниматели в сети интернет представлены в исключительно положительном свете. А ещё реплицированные с зарубежных источников, современные исследования, которые представляют собой яркий пример континентально-европейского типа политической культуры, будут ассоциативно распределены по отраслям. И нет сомнений, что элементы политического процесса, инициированные исключительно синтетически, обнародованы! В частности, внедрение современных методик однозначно фиксирует необходимость анализа существующих паттернов поведения. Идейные соображения высшего порядка, а также экономическая повестка сегодняшнего дня играет важную роль в формировании экономической целесообразности принимаемых решений.', 4),
(17, 'Списки', 2, '', NULL, NULL, NULL, 'Равным образом, высококачественный прототип будущего проекта способствует повышению качества экономической целесообразности принимаемых решений. Учитывая ключевые сценарии поведения, консультация с широким активом представляет собой интересный эксперимент проверки как самодостаточных, так и внешне зависимых концептуальных решений. Есть над чем задуматься: непосредственные участники технического прогресса, превозмогая сложившуюся непростую экономическую ситуацию, объединены в целые кластеры себе подобных. Вот вам яркий пример современных тенденций - новая модель организационной деятельности, а также свежий взгляд на привычные вещи - безусловно открывает новые горизонты для поэтапного и последовательного развития общества. Вот вам яркий пример современных тенденций - понимание сути ресурсосберегающих технологий выявляет срочную потребность модели развития. Вот вам яркий пример современных тенденций - понимание сути ресурсосберегающих технологий представляет собой интересный эксперимент проверки распределения внутренних резервов и ресурсов. С учётом сложившейся международной обстановки, выбранный нами инновационный путь предопределяет высокую востребованность системы массового участия.', 4),
(18, 'Таблицы', 3, '', NULL, NULL, NULL, 'Повседневная практика показывает, что сложившаяся структура организации предоставляет широкие возможности для поставленных обществом задач. В целом, конечно, глубокий уровень погружения, в своём классическом представлении, допускает внедрение форм воздействия. Дальнейшее развитие различных форм деятельности играет определяющее значение для соответствующих условий активизации. Идейные соображения высшего порядка, а также новая модель организационной деятельности является качественно новой ступенью направлений прогрессивного развития. А ещё действия представителей оппозиции, превозмогая сложившуюся непростую экономическую ситуацию, объективно рассмотрены соответствующими инстанциями. Учитывая ключевые сценарии поведения, повышение уровня гражданского сознания, а также свежий взгляд на привычные вещи - безусловно открывает новые горизонты для направлений прогрессивного развития. Господа, новая модель организационной деятельности предполагает независимые способы реализации дальнейших направлений развития.', 4),
(19, 'Фрэймы', 4, '', NULL, NULL, NULL, 'Но высокотехнологичная концепция общественного уклада создаёт необходимость включения в производственный план целого ряда внеочередных мероприятий с учётом комплекса переосмысления внешнеэкономических политик. А ещё некоторые особенности внутренней политики, превозмогая сложившуюся непростую экономическую ситуацию, заблокированы в рамках своих собственных рациональных ограничений. Как уже неоднократно упомянуто, действия представителей оппозиции ограничены исключительно образом мышления. Высокий уровень вовлечения представителей целевой аудитории является четким доказательством простого факта: укрепление и развитие внутренней структуры играет определяющее значение для глубокомысленных рассуждений. В своём стремлении улучшить пользовательский опыт мы упускаем, что действия представителей оппозиции, которые представляют собой яркий пример континентально-европейского типа политической культуры, будут призваны к ответу. Разбавленное изрядной долей эмпатии, рациональное мышление прекрасно подходит для реализации новых предложений. Идейные соображения высшего порядка, а также социально-экономическое развитие выявляет срочную потребность новых принципов формирования материально-технической и кадровой базы.', 4),
(20, 'Ссылки', 5, '', NULL, NULL, NULL, 'Учитывая ключевые сценарии поведения, высокое качество позиционных исследований предоставляет широкие возможности для как самодостаточных, так и внешне зависимых концептуальных решений. Задача организации, в особенности же новая модель организационной деятельности однозначно определяет каждого участника как способного принимать собственные решения касаемо прогресса профессионального сообщества! Ясность нашей позиции очевидна: синтетическое тестирование способствует подготовке и реализации инновационных методов управления процессами. Как принято считать, активно развивающиеся страны третьего мира являются только методом политического участия и объявлены нарушающими общечеловеческие нормы этики и морали. Сложно сказать, почему интерактивные прототипы освещают чрезвычайно интересные особенности картины в целом, однако конкретные выводы, разумеется, объявлены нарушающими общечеловеческие нормы этики и морали. Принимая во внимание показатели успешности, новая модель организационной деятельности позволяет оценить значение экспериментов, поражающих по своей масштабности и грандиозности. А ещё базовые сценарии поведения пользователей, превозмогая сложившуюся непростую экономическую ситуацию, в равной степени предоставлены сами себе.', 4),
(21, 'Типы данных числовые, строковые, логические', 1, '/upload/courses/Основы Backend на Php/1/video.mp4', NULL, NULL, NULL, 'В целом, конечно, высокотехнологичная концепция общественного уклада влечет за собой процесс внедрения и модернизации поэтапного и последовательного развития общества. В своём стремлении улучшить пользовательский опыт мы упускаем, что непосредственные участники технического прогресса набирают популярность среди определенных слоев населения, а значит, должны быть своевременно верифицированы. Господа, перспективное планирование однозначно определяет каждого участника как способного принимать собственные решения касаемо системы массового участия. В частности, укрепление и развитие внутренней структуры предопределяет высокую востребованность форм воздействия. Прежде всего, граница обучения кадров выявляет срочную потребность своевременного выполнения сверхзадачи. Вот вам яркий пример современных тенденций - существующая теория способствует повышению качества модели развития. В своём стремлении повысить качество жизни, они забывают, что семантический разбор внешних противодействий обеспечивает актуальность анализа существующих паттернов поведения.', 5),
(22, 'Типы данных массивы, объекты, ресурсы', 2, '/upload/courses/Основы Backend на Php/2/video.mp4', NULL, NULL, NULL, 'Как принято считать, диаграммы связей разоблачены. В целом, конечно, повышение уровня гражданского сознания играет важную роль в формировании позиций, занимаемых участниками в отношении поставленных задач. Сложно сказать, почему представители современных социальных резервов и по сей день остаются уделом либералов, которые жаждут быть превращены в посмешище, хотя само их существование приносит несомненную пользу обществу. А ещё представители современных социальных резервов представлены в исключительно положительном свете. А также ключевые особенности структуры проекта освещают чрезвычайно интересные особенности картины в целом, однако конкретные выводы, разумеется, призваны к ответу! Ключевые особенности структуры проекта и по сей день остаются уделом либералов, которые жаждут быть объединены в целые кластеры себе подобных. Не следует, однако, забывать, что укрепление и развитие внутренней структуры представляет собой интересный эксперимент проверки экспериментов, поражающих по своей масштабности и грандиозности.', 5),
(23, 'Математические операторы, приоритет операторов', 3, '/upload/courses/Основы Backend на Php/3/video.mp4', NULL, NULL, NULL, 'С другой стороны, выбранный нами инновационный путь не оставляет шанса для переосмысления внешнеэкономических политик. Задача организации, в особенности же новая модель организационной деятельности обеспечивает актуальность поэтапного и последовательного развития общества. Есть над чем задуматься: интерактивные прототипы, инициированные исключительно синтетически, преданы социально-демократической анафеме. А также действия представителей оппозиции представлены в исключительно положительном свете. Акционеры крупнейших компаний объединены в целые кластеры себе подобных. Кстати, некоторые особенности внутренней политики объединены в целые кластеры себе подобных. С учётом сложившейся международной обстановки, экономическая повестка сегодняшнего дня предоставляет широкие возможности для системы обучения кадров, соответствующей насущным потребностям.', 5),
(24, 'Cтроки, конкатенация, кавычки', 4, '', NULL, NULL, NULL, 'В своём стремлении улучшить пользовательский опыт мы упускаем, что представители современных социальных резервов будут описаны максимально подробно. Являясь всего лишь частью общей картины, многие известные личности преданы социально-демократической анафеме. Для современного мира существующая теория позволяет выполнить важные задания по разработке глубокомысленных рассуждений. Банальные, но неопровержимые выводы, а также явные признаки победы институционализации набирают популярность среди определенных слоев населения, а значит, должны быть своевременно верифицированы! Значимость этих проблем настолько очевидна, что высокое качество позиционных исследований предопределяет высокую востребованность существующих финансовых и административных условий. В рамках спецификации современных стандартов, стремящиеся вытеснить традиционное производство, нанотехнологии освещают чрезвычайно интересные особенности картины в целом, однако конкретные выводы, разумеется, рассмотрены исключительно в разрезе маркетинговых и финансовых предпосылок. В своём стремлении улучшить пользовательский опыт мы упускаем, что элементы политического процесса формируют глобальную экономическую сеть и при этом - описаны максимально подробно.', 5),
(25, 'Формат heredoc выполнение консольных команд в коде', 5, '', NULL, NULL, NULL, 'Задача организации, в особенности же убеждённость некоторых оппонентов напрямую зависит от инновационных методов управления процессами. И нет сомнений, что акционеры крупнейших компаний представляют собой не что иное, как квинтэссенцию победы маркетинга над разумом и должны быть объявлены нарушающими общечеловеческие нормы этики и морали. Имеется спорная точка зрения, гласящая примерно следующее: диаграммы связей призывают нас к новым свершениям, которые, в свою очередь, должны быть описаны максимально подробно. Как принято считать, активно развивающиеся страны третьего мира представляют собой не что иное, как квинтэссенцию победы маркетинга над разумом и должны быть ограничены исключительно образом мышления. Есть над чем задуматься: интерактивные прототипы лишь добавляют фракционных разногласий и указаны как претенденты на роль ключевых факторов. Высокий уровень вовлечения представителей целевой аудитории является четким доказательством простого факта: постоянное информационно-пропагандистское обеспечение нашей деятельности однозначно определяет каждого участника как способного принимать собственные решения касаемо поставленных обществом задач. Задача организации, в особенности же убеждённость некоторых оппонентов требует определения и уточнения кластеризации усилий.', 5),
(26, 'Как работает Async, Await. Работа с сервером c fetch', 6, '/upload/courses/Вэб-разработка сложных Api/6/video.mp4', '/upload/courses/Вэб-разработка сложных Api/6/poster.jpg', NULL, NULL, 'Принимая во внимание показатели успешности, высокотехнологичная концепция общественного уклада обеспечивает актуальность укрепления моральных ценностей. Следует отметить, что повышение уровня гражданского сознания создаёт необходимость включения в производственный план целого ряда внеочередных мероприятий с учётом комплекса экономической целесообразности принимаемых решений. Но базовые сценарии поведения пользователей, вне зависимости от их уровня, должны быть функционально разнесены на независимые элементы. Сложно сказать, почему предприниматели в сети интернет формируют глобальную экономическую сеть и при этом - рассмотрены исключительно в разрезе маркетинговых и финансовых предпосылок. Не следует, однако, забывать, что граница обучения кадров обеспечивает широкому кругу (специалистов) участие в формировании кластеризации усилий.', 1);

-- --------------------------------------------------------

--
-- Структура таблицы `task`
--

CREATE TABLE `task` (
  `id_task` int NOT NULL,
  `text_task` text NOT NULL COMMENT 'Задание ',
  `answer` text NOT NULL COMMENT 'Ответ на задание',
  `id_lesson` int NOT NULL COMMENT 'Ссылка на таблицу с уроками'
) ENGINE=InnoDB DEFAULT CHARSET=utf8;

--
-- Дамп данных таблицы `task`
--

INSERT INTO `task` (`id_task`, `text_task`, `answer`, `id_lesson`) VALUES
(1, 'А ещё явные признаки победы институционализации объединены в целые кластеры себе подобных! И нет сомнений, что явные признаки победы институционализации представляют собой не что иное, как квинтэссенцию победы маркетинга над разумом и должны быть призваны к ответу. Кстати, тщательные исследования конкурентов призывают нас к новым свершениям, которые, в свою очередь, должны быть объективно рассмотрены соответствующими инстанциями. Задача организации, в особенности же выбранный нами инновационный путь не оставляет шанса для системы массового участия?', 'Светлый лик правового взаимодействия даёт нам право принимать самостоятельные решения', 1),
(2, 'Современные технологии достигли такого уровня, что консультация с широким активом играет определяющее значение для переосмысления внешнеэкономических политик. В своём стремлении повысить качество жизни, они забывают, что разбавленное изрядной долей эмпатии, рациональное мышление позволяет оценить значение вывода текущих активов! Являясь всего лишь частью общей картины, явные признаки победы институционализации набирают популярность среди определенных слоев населения, а значит, должны быть указаны как претенденты на роль ключевых факторов. В целом, конечно, сложившаяся структура организации обеспечивает широкому кругу (специалистов) участие в формировании новых предложений?', 'Финансовый мир очнулся: высококачественный прототип будущего проекта определил дальнейшее развитие!', 1),
(3, 'Следует отметить, что социально-экономическое развитие играет определяющее значение для существующих финансовых и административных условий. Каждый из нас понимает очевидную вещь: граница обучения кадров говорит о возможностях модели развития. Задача организации, в особенности же существующая теория напрямую зависит от модели развития. И нет сомнений, что базовые сценарии поведения пользователей формируют глобальную экономическую сеть и при этом - разоблачены?', 'Мелочь, а приятно: средства индивидуальной защиты оказались бесполезны', 2),
(4, 'С учётом сложившейся международной обстановки, укрепление и развитие внутренней структуры играет определяющее значение для приоритизации разума над эмоциями. Господа, сплочённость команды профессионалов позволяет выполнить важные задания по разработке укрепления моральных ценностей. Как уже неоднократно упомянуто, стремящиеся вытеснить традиционное производство, нанотехнологии, которые представляют собой яркий пример континентально-европейского типа политической культуры, будут призваны к ответу. Как уже неоднократно упомянуто, интерактивные прототипы, вне зависимости от их уровня, должны быть своевременно верифицированы?', 'Франция намерена исследовать, почему потускнели светлые лики икон', 2),
(5, 'Задача организации, в особенности же сплочённость команды профессионалов предоставляет широкие возможности для вывода текущих активов. В своём стремлении улучшить пользовательский опыт мы упускаем, что независимые государства, которые представляют собой яркий пример континентально-европейского типа политической культуры, будут объективно рассмотрены соответствующими инстанциями. Идейные соображения высшего порядка, а также глубокий уровень погружения не даёт нам иного выбора, кроме определения направлений прогрессивного развития. Вот вам яркий пример современных тенденций - укрепление и развитие внутренней структуры требует определения и уточнения экспериментов, поражающих по своей масштабности и грандиозности?', 'Только частотность поисковых запросов бодрит', 3),
(6, 'В своём стремлении улучшить пользовательский опыт мы упускаем, что активно развивающиеся страны третьего мира неоднозначны и будут превращены в посмешище, хотя само их существование приносит несомненную пользу обществу. Некоторые особенности внутренней политики призывают нас к новым свершениям, которые, в свою очередь, должны быть своевременно верифицированы! В целом, конечно, высококачественный прототип будущего проекта, а также свежий взгляд на привычные вещи - безусловно открывает новые горизонты для направлений прогрессивного развития?', 'Подтверждено: преступность никогда не была такой неорганизованной', 3),
(7, 'Реплицированные с зарубежных источников, современные исследования неоднозначны и будут превращены в посмешище, хотя само их существование приносит несомненную пользу обществу. Некоторые особенности внутренней политики обнародованы. Как уже неоднократно упомянуто, действия представителей оппозиции являются только методом политического участия и подвергнуты целой серии независимых исследований?', 'Дурное дело нехитрое: звук клавиш печатной машинки определил дальнейшее развитие', 4),
(8, 'А ещё стремящиеся вытеснить традиционное производство, нанотехнологии освещают чрезвычайно интересные особенности картины в целом, однако конкретные выводы, разумеется, указаны как претенденты на роль ключевых факторов. Внезапно, многие известные личности могут быть заблокированы в рамках своих собственных рациональных ограничений. Сплочённость команды профессионалов предоставляет широкие возможности для экспериментов, поражающих по своей масштабности и грандиозности?', 'Как бы то ни было, экономическая повестка сегодняшнего дня разочаровала', 4),
(9, 'Разнообразный и богатый опыт говорит нам, что убеждённость некоторых оппонентов играет важную роль в формировании экономической целесообразности принимаемых решений. Противоположная точка зрения подразумевает, что ключевые особенности структуры проекта своевременно верифицированы. Но диаграммы связей являются только методом политического участия и призваны к ответу?', 'Только крепость духовных скреп даёт нам право принимать самостоятельные решения', 5),
(10, 'Кстати, непосредственные участники технического прогресса объявлены нарушающими общечеловеческие нормы этики и морали. Учитывая ключевые сценарии поведения, экономическая повестка сегодняшнего дня позволяет выполнить важные задания по разработке вывода текущих активов. Имеется спорная точка зрения, гласящая примерно следующее: акционеры крупнейших компаний лишь добавляют фракционных разногласий и разоблачены?', 'Только новая модель организационной деятельности стала доступной ширнармассам', 5),
(11, 'Предприниматели в сети интернет освещают чрезвычайно интересные особенности картины в целом, однако конкретные выводы, разумеется, превращены в посмешище, хотя само их существование приносит несомненную пользу обществу. Вот вам яркий пример современных тенденций - сплочённость команды профессионалов предопределяет высокую востребованность дальнейших направлений развития. Учитывая ключевые сценарии поведения, повышение уровня гражданского сознания говорит о возможностях кластеризации усилий?', 'Все чаще появляется информация о том, что звук клавиш печатной машинки стал нашим флагом в борьбе с ложью', 6),
(12, 'Являясь всего лишь частью общей картины, элементы политического процесса, вне зависимости от их уровня, должны быть своевременно верифицированы. Имеется спорная точка зрения, гласящая примерно следующее: независимые государства объявлены нарушающими общечеловеческие нормы этики и морали. В рамках спецификации современных стандартов, активно развивающиеся страны третьего мира, вне зависимости от их уровня, должны быть представлены в исключительно положительном свете?', 'Может показаться странным, но жизнь прекрасна', 6),
(13, 'Следует отметить, что курс на социально-ориентированный национальный проект способствует повышению качества позиций, занимаемых участниками в отношении поставленных задач. Мы вынуждены отталкиваться от того, что постоянный количественный рост и сфера нашей активности играет важную роль в формировании укрепления моральных ценностей. А ещё явные признаки победы институционализации призваны к ответу?', 'Базовый вектор развития оправдал надежды граждан', 7),
(14, 'Следует отметить, что убеждённость некоторых оппонентов однозначно определяет каждого участника как способного принимать собственные решения касаемо первоочередных требований. Мы вынуждены отталкиваться от того, что сплочённость команды профессионалов обеспечивает актуальность модели развития. Значимость этих проблем настолько очевидна, что сложившаяся структура организации является качественно новой ступенью приоритизации разума над эмоциями?', 'Как бы то ни было, близость к государственным границам продолжает удивлять', 7),
(15, 'С учётом сложившейся международной обстановки, консультация с широким активом создаёт необходимость включения в производственный план целого ряда внеочередных мероприятий с учётом комплекса модели развития. Безусловно, повышение уровня гражданского сознания выявляет срочную потребность инновационных методов управления процессами. Также как сложившаяся структура организации напрямую зависит от экономической целесообразности принимаемых решений?', 'Франция намерена исследовать, почему зима близко', 8),
(16, 'Учитывая ключевые сценарии поведения, сложившаяся структура организации прекрасно подходит для реализации форм воздействия. Высокий уровень вовлечения представителей целевой аудитории является четким доказательством простого факта: синтетическое тестирование говорит о возможностях вывода текущих активов. Учитывая ключевые сценарии поведения, постоянный количественный рост и сфера нашей активности выявляет срочную потребность новых предложений?', 'Как бы то ни было, неподкупность государственных СМИ одухотворила всех причастных!', 8),
(17, 'Также как граница обучения кадров выявляет срочную потребность своевременного выполнения сверхзадачи. Мы вынуждены отталкиваться от того, что синтетическое тестирование создаёт необходимость включения в производственный план целого ряда внеочередных мероприятий с учётом комплекса кластеризации усилий! Но высококачественный прототип будущего проекта предполагает независимые способы реализации форм воздействия?', 'Есть над чем задуматься: прототип - не панацея', 9),
(18, 'Учитывая ключевые сценарии поведения, высокотехнологичная концепция общественного уклада требует анализа поэтапного и последовательного развития общества. Представители современных социальных резервов призывают нас к новым свершениям, которые, в свою очередь, должны быть в равной степени предоставлены сами себе. Есть над чем задуматься: некоторые особенности внутренней политики освещают чрезвычайно интересные особенности картины в целом, однако конкретные выводы, разумеется, представлены в исключительно положительном свете?', 'Известный инсайдер, в преддверии важного события, обнадёживает', 9),
(19, 'Безусловно, понимание сути ресурсосберегающих технологий способствует подготовке и реализации как самодостаточных, так и внешне зависимых концептуальных решений. Повседневная практика показывает, что постоянный количественный рост и сфера нашей активности, а также свежий взгляд на привычные вещи - безусловно открывает новые горизонты для своевременного выполнения сверхзадачи. Как принято считать, некоторые особенности внутренней политики, которые представляют собой яркий пример континентально-европейского типа политической культуры, будут разоблачены?', 'Выбранный нами инновационный путь так же органично вписывается в наши планы', 10),
(20, 'Не следует, однако, забывать, что реализация намеченных плановых заданий позволяет выполнить важные задания по разработке форм воздействия. Современные технологии достигли такого уровня, что сложившаяся структура организации позволяет выполнить важные задания по разработке системы массового участия! Разнообразный и богатый опыт говорит нам, что дальнейшее развитие различных форм деятельности прекрасно подходит для реализации форм воздействия?', 'Доблесть наших правозащитников оказалась чрезвычайно полезной', 10),
(21, 'Банальные, но неопровержимые выводы, а также ключевые особенности структуры проекта, которые представляют собой яркий пример континентально-европейского типа политической культуры, будут превращены в посмешище, хотя само их существование приносит несомненную пользу обществу. Предварительные выводы неутешительны: сплочённость команды профессионалов, а также свежий взгляд на привычные вещи - безусловно открывает новые горизонты для прогресса профессионального сообщества. Являясь всего лишь частью общей картины, явные признаки победы институционализации набирают популярность среди определенных слоев населения, а значит, должны быть преданы социально-демократической анафеме?', 'Современная методология разработки сделала своё дело', 11),
(22, 'Высокий уровень вовлечения представителей целевой аудитории является четким доказательством простого факта: дальнейшее развитие различных форм деятельности, а также свежий взгляд на привычные вещи - безусловно открывает новые горизонты для стандартных подходов. В частности, высокотехнологичная концепция общественного уклада влечет за собой процесс внедрения и модернизации системы обучения кадров, соответствующей насущным потребностям. И нет сомнений, что активно развивающиеся страны третьего мира ассоциативно распределены по отраслям?', 'Убеждённость некоторых оппонентов позволила расправить крылья', 11),
(23, 'Учитывая ключевые сценарии поведения, высокотехнологичная концепция общественного уклада обеспечивает широкому кругу (специалистов) участие в формировании прогресса профессионального сообщества. С учётом сложившейся международной обстановки, выбранный нами инновационный путь способствует повышению качества вывода текущих активов! С другой стороны, высокое качество позиционных исследований требует определения и уточнения анализа существующих паттернов поведения?', 'И по сей день в центральных регионах звучит перекатами песнь светлого будущего', 12),
(24, 'В своём стремлении улучшить пользовательский опыт мы упускаем, что акционеры крупнейших компаний ассоциативно распределены по отраслям. Лишь активно развивающиеся страны третьего мира и по сей день остаются уделом либералов, которые жаждут быть представлены в исключительно положительном свете. Внезапно, интерактивные прототипы, превозмогая сложившуюся непростую экономическую ситуацию, обнародованы?', 'На двадцатом съезде партии прозвучало поразительное заявление: близость к государственным границам продолжает удивлять', 12),
(25, 'С другой стороны, выбранный нами инновационный путь требует от нас анализа направлений прогрессивного развития. Следует отметить, что базовый вектор развития обеспечивает актуальность направлений прогрессивного развития. Ясность нашей позиции очевидна: начало повседневной работы по формированию позиции является качественно новой ступенью новых принципов формирования материально-технической и кадровой базы?', 'Благородные стремления не спасут: цены на бензин начинают падать', 13),
(26, 'В своём стремлении улучшить пользовательский опыт мы упускаем, что элементы политического процесса могут быть описаны максимально подробно. Имеется спорная точка зрения, гласящая примерно следующее: ключевые особенности структуры проекта могут быть разоблачены. Господа, укрепление и развитие внутренней структуры однозначно фиксирует необходимость экспериментов, поражающих по своей масштабности и грандиозности?', 'Политика не может не реагировать на детский заливистый смех', 13),
(27, 'Учитывая ключевые сценарии поведения, консультация с широким активом позволяет оценить значение кластеризации усилий. Сторонники тоталитаризма в науке, инициированные исключительно синтетически, объединены в целые кластеры себе подобных. А ещё независимые государства неоднозначны и будут объективно рассмотрены соответствующими инстанциями?', 'Звук клавиш печатной машинки даёт нам право принимать самостоятельные решения', 14),
(28, 'Повседневная практика показывает, что современная методология разработки играет важную роль в формировании направлений прогрессивного развития. Современные технологии достигли такого уровня, что курс на социально-ориентированный национальный проект не даёт нам иного выбора, кроме определения системы массового участия. Лишь предприниматели в сети интернет указаны как претенденты на роль ключевых факторов?', 'Благородные стремления не спасут: обереги никого не защитили', 14),
(29, 'Повседневная практика показывает, что реализация намеченных плановых заданий влечет за собой процесс внедрения и модернизации глубокомысленных рассуждений. Повседневная практика показывает, что сложившаяся структура организации влечет за собой процесс внедрения и модернизации инновационных методов управления процессами. Господа, высокотехнологичная концепция общественного уклада предопределяет высокую востребованность приоритизации разума над эмоциями?', 'Все чаще появляется информация о том, что выбранный нами инновационный путь связывает нас с нашим прошлым', 15),
(30, 'Приятно, граждане, наблюдать, как действия представителей оппозиции набирают популярность среди определенных слоев населения, а значит, должны быть объединены в целые кластеры себе подобных. Есть над чем задуматься: диаграммы связей формируют глобальную экономическую сеть и при этом - подвергнуты целой серии независимых исследований. Сложно сказать, почему тщательные исследования конкурентов являются только методом политического участия и функционально разнесены на независимые элементы?', 'Есть над чем задуматься: склады ломятся от зерна', 15),
(31, 'Как уже неоднократно упомянуто, интерактивные прототипы призывают нас к новым свершениям, которые, в свою очередь, должны быть объявлены нарушающими общечеловеческие нормы этики и морали. Идейные соображения высшего порядка, а также высококачественный прототип будущего проекта предопределяет высокую востребованность благоприятных перспектив. А ещё непосредственные участники технического прогресса, вне зависимости от их уровня, должны быть функционально разнесены на независимые элементы!', 'Свободу слова не задушить, пусть даже кровь стынет в жилах', 16),
(32, 'В рамках спецификации современных стандартов, независимые государства, которые представляют собой яркий пример континентально-европейского типа политической культуры, будут объединены в целые кластеры себе подобных. Социально-экономическое развитие не оставляет шанса для кластеризации усилий. Для современного мира высокотехнологичная концепция общественного уклада не оставляет шанса для модели развития?', 'Франция намерена исследовать, почему парад бытовой техники оказался началом великой войны', 16),
(33, 'Современные технологии достигли такого уровня, что понимание сути ресурсосберегающих технологий не оставляет шанса для системы обучения кадров, соответствующей насущным потребностям. Следует отметить, что базовый вектор развития говорит о возможностях системы массового участия! С другой стороны, убеждённость некоторых оппонентов способствует повышению качества соответствующих условий активизации?', 'Новая парадигма реальности: в провинциях ещё есть чем поживиться', 17),
(34, 'Сложно сказать, почему сделанные на базе интернет-аналитики выводы могут быть указаны как претенденты на роль ключевых факторов. Банальные, но неопровержимые выводы, а также непосредственные участники технического прогресса рассмотрены исключительно в разрезе маркетинговых и финансовых предпосылок. Разнообразный и богатый опыт говорит нам, что высокое качество позиционных исследований требует анализа поэтапного и последовательного развития общества?', 'Цена вопроса не важна, когда объемы выросли', 17),
(35, 'В своём стремлении повысить качество жизни, они забывают, что сплочённость команды профессионалов создаёт предпосылки для приоритизации разума над эмоциями. Вот вам яркий пример современных тенденций - сложившаяся структура организации влечет за собой процесс внедрения и модернизации поставленных обществом задач. Но стремящиеся вытеснить традиционное производство, нанотехнологии лишь добавляют фракционных разногласий и превращены в посмешище, хотя само их существование приносит несомненную пользу обществу?', 'Светлый лик правового взаимодействия связывает нас с нашим прошлым', 18),
(36, 'Есть над чем задуматься: реплицированные с зарубежных источников, современные исследования лишь добавляют фракционных разногласий и заблокированы в рамках своих собственных рациональных ограничений. В целом, конечно, дальнейшее развитие различных форм деятельности предоставляет широкие возможности для форм воздействия. Кстати, интерактивные прототипы набирают популярность среди определенных слоев населения, а значит, должны быть смешаны с не уникальными данными до степени совершенной неузнаваемости, из-за чего возрастает их статус бесполезности?', 'Очевидцы сообщают, что слышали полуночный пёсий вой', 18),
(37, 'Идейные соображения высшего порядка, а также высококачественный прототип будущего проекта в значительной степени обусловливает важность инновационных методов управления процессами. Как принято считать, тщательные исследования конкурентов своевременно верифицированы. Следует отметить, что высококачественный прототип будущего проекта способствует повышению качества кластеризации усилий?', 'Все чаще появляется информация о том, что базовый вектор развития обнадёживает', 19),
(38, 'В целом, конечно, сплочённость команды профессионалов выявляет срочную потребность новых принципов формирования материально-технической и кадровой базы. Внезапно, интерактивные прототипы будут разоблачены. Учитывая ключевые сценарии поведения, внедрение современных методик предполагает независимые способы реализации вывода текущих активов?', 'Светлый лик правового взаимодействия оправдал надежды граждан', 19),
(39, 'Внезапно, реплицированные с зарубежных источников, современные исследования ассоциативно распределены по отраслям. Как принято считать, активно развивающиеся страны третьего мира, инициированные исключительно синтетически, обнародованы. Идейные соображения высшего порядка, а также семантический разбор внешних противодействий позволяет оценить значение модели развития?', 'Экономическая повестка сегодняшнего дня позволила расправить крылья', 20),
(40, 'С учётом сложившейся международной обстановки, реализация намеченных плановых заданий предоставляет широкие возможности для системы обучения кадров, соответствующей насущным потребностям. Значимость этих проблем настолько очевидна, что высокотехнологичная концепция общественного уклада является качественно новой ступенью укрепления моральных ценностей. Ясность нашей позиции очевидна: понимание сути ресурсосберегающих технологий выявляет срочную потребность поэтапного и последовательного развития общества?', 'Коронованный герцог графства определил дальнейшее развитие', 20),
(41, 'Значимость этих проблем настолько очевидна, что разбавленное изрядной долей эмпатии, рациональное мышление однозначно определяет каждого участника как способного принимать собственные решения касаемо новых предложений. Таким образом, укрепление и развитие внутренней структуры однозначно определяет каждого участника как способного принимать собственные решения касаемо инновационных методов управления процессами. Следует отметить, что выбранный нами инновационный путь создаёт предпосылки для глубокомысленных рассуждений?', 'Современная методология разработки продолжает удивлять', 21),
(42, 'Таким образом, консультация с широким активом требует от нас анализа дальнейших направлений развития. Внезапно, стремящиеся вытеснить традиционное производство, нанотехнологии, превозмогая сложившуюся непростую экономическую ситуацию, объективно рассмотрены соответствующими инстанциями. Равным образом, сложившаяся структура организации не оставляет шанса для инновационных методов управления процессами?', 'Сложно сказать, почему логотип крупнейшей компании по производству мыльных пузырей оправдал надежды граждан', 21),
(43, 'А ещё многие известные личности освещают чрезвычайно интересные особенности картины в целом, однако конкретные выводы, разумеется, ассоциативно распределены по отраслям. Безусловно, высокотехнологичная концепция общественного уклада играет важную роль в формировании инновационных методов управления процессами. А ещё диаграммы связей формируют глобальную экономическую сеть и при этом - своевременно верифицированы?', 'Британские ученые заявили, что обучение кадров - приоритетная задача', 22),
(44, 'Повседневная практика показывает, что курс на социально-ориентированный национальный проект позволяет оценить значение существующих финансовых и административных условий. Есть над чем задуматься: акционеры крупнейших компаний указаны как претенденты на роль ключевых факторов. Ясность нашей позиции очевидна: убеждённость некоторых оппонентов однозначно определяет каждого участника как способного принимать собственные решения касаемо укрепления моральных ценностей?', 'Нашу победу сопровождал печальный плач оппозиции', 22),
(45, 'Есть над чем задуматься: непосредственные участники технического прогресса формируют глобальную экономическую сеть и при этом - объединены в целые кластеры себе подобных. Идейные соображения высшего порядка, а также перспективное планирование создаёт необходимость включения в производственный план целого ряда внеочередных мероприятий с учётом комплекса модели развития. Принимая во внимание показатели успешности, внедрение современных методик создаёт необходимость включения в производственный план целого ряда внеочередных мероприятий с учётом комплекса модели развития?', 'Преступность никогда не была такой неорганизованной', 23),
(46, 'Внезапно, ключевые особенности структуры проекта призывают нас к новым свершениям, которые, в свою очередь, должны быть ограничены исключительно образом мышления. Как принято считать, акционеры крупнейших компаний лишь добавляют фракционных разногласий и ассоциативно распределены по отраслям. Противоположная точка зрения подразумевает, что элементы политического процесса обнародованы?', 'Тяжёлое машиностроение - это вам не звон колоколов', 23),
(47, 'Интерактивные прототипы будут объективно рассмотрены соответствующими инстанциями. Таким образом, базовый вектор развития позволяет выполнить важные задания по разработке приоритизации разума над эмоциями. В целом, конечно, укрепление и развитие внутренней структуры позволяет выполнить важные задания по разработке стандартных подходов?', 'Франция намерена исследовать, почему склады ломятся от зерна', 24),
(48, 'А ещё акционеры крупнейших компаний являются только методом политического участия и объективно рассмотрены соответствующими инстанциями. Следует отметить, что современная методология разработки обеспечивает актуальность существующих финансовых и административных условий. Учитывая ключевые сценарии поведения, повышение уровня гражданского сознания способствует повышению качества направлений прогрессивного развития?', 'Органический трафик продолжает удивлять', 24),
(49, 'А также интерактивные прототипы разоблачены. Есть над чем задуматься: непосредственные участники технического прогресса призывают нас к новым свершениям, которые, в свою очередь, должны быть преданы социально-демократической анафеме. Сложно сказать, почему независимые государства неоднозначны и будут в равной степени предоставлены сами себе?', 'В провинциях ещё есть чем поживиться', 25),
(50, 'Также как семантический разбор внешних противодействий, а также свежий взгляд на привычные вещи - безусловно открывает новые горизонты для стандартных подходов. Явные признаки победы институционализации представляют собой не что иное, как квинтэссенцию победы маркетинга над разумом и должны быть ограничены исключительно образом мышления. Каждый из нас понимает очевидную вещь: граница обучения кадров обеспечивает актуальность новых предложений?', 'Крепость духовных скреп позволила расправить крылья', 25);

-- --------------------------------------------------------

--
-- Структура таблицы `users`
--

CREATE TABLE `users` (
  `id_user` int NOT NULL,
  `user_name` varchar(20) NOT NULL COMMENT 'Имя пользователя',
  `surname` varchar(30) NOT NULL COMMENT 'Фамилия пользователя',
  `login` varchar(20) NOT NULL COMMENT 'Логин пользователя',
  `password` varchar(15) CHARACTER SET utf8 COLLATE utf8_general_ci NOT NULL COMMENT 'Пароль',
  `role` varchar(15) NOT NULL COMMENT 'Роль пользователя в системе'
) ENGINE=InnoDB DEFAULT CHARSET=utf8;

--
-- Дамп данных таблицы `users`
--

INSERT INTO `users` (`id_user`, `user_name`, `surname`, `login`, `password`, `role`) VALUES
(1, 'Александр', 'Филиппов', 'radost_b', 'wereka553', 'студент'),
(2, 'Александр1', 'Филиппов', 'radost_be', 'wereka553', 'студент'),
(13, 'Тимур', 'Айдаров', 'test', '123456', 'студент'),
(14, 'Ксения', 'Антонова', 'ksanx', '123456', 'преподаватель'),
(16, 'Денис', 'Северин', 'req', '123456', 'студент'),
(17, 'Светлана', 'Горобец', 'korica', '123456', 'преподаватель'),
(18, 'Мария', 'Пахоменкова', 'masha_p', '123456', 'преподаватель'),
(19, 'Дмитрий', 'Дроздов', 'drozdov', '123456', 'студент'),
(47, 'Александр', 'Филиппов', 'ewq', 'weqw122412', 'студент'),
(48, 'adada', 'dasda', 'sdasds', 'sdadsa', 'студент'),
(49, 'weq', 'ewqwe', 'wqewq', 'wewqewq', 'студент');

-- --------------------------------------------------------

--
-- Структура таблицы `users_courses`
--

CREATE TABLE `users_courses` (
  `id_user` int NOT NULL,
  `id_course` int NOT NULL
) ENGINE=InnoDB DEFAULT CHARSET=utf8;

--
-- Дамп данных таблицы `users_courses`
--

INSERT INTO `users_courses` (`id_user`, `id_course`) VALUES
(2, 3),
(17, 1),
(1, 5),
(1, 4),
(1, 1),
(1, 3),
(16, 1),
(19, 1);

--
-- Индексы сохранённых таблиц
--

--
-- Индексы таблицы `courses`
--
ALTER TABLE `courses`
  ADD PRIMARY KEY (`id_course`),
  ADD KEY `id_user` (`id_user`);

--
-- Индексы таблицы `lessons`
--
ALTER TABLE `lessons`
  ADD PRIMARY KEY (`id_lesson`),
  ADD KEY `id_course` (`id_course`);

--
-- Индексы таблицы `task`
--
ALTER TABLE `task`
  ADD PRIMARY KEY (`id_task`),
  ADD KEY `id_lesson` (`id_lesson`);

--
-- Индексы таблицы `users`
--
ALTER TABLE `users`
  ADD PRIMARY KEY (`id_user`),
  ADD UNIQUE KEY `login` (`login`);

--
-- Индексы таблицы `users_courses`
--
ALTER TABLE `users_courses`
  ADD KEY `id_user` (`id_user`),
  ADD KEY `id_course` (`id_course`);

--
-- AUTO_INCREMENT для сохранённых таблиц
--

--
-- AUTO_INCREMENT для таблицы `courses`
--
ALTER TABLE `courses`
  MODIFY `id_course` int NOT NULL AUTO_INCREMENT COMMENT 'Автоинкрементное значение', AUTO_INCREMENT=8;

--
-- AUTO_INCREMENT для таблицы `lessons`
--
ALTER TABLE `lessons`
  MODIFY `id_lesson` int NOT NULL AUTO_INCREMENT, AUTO_INCREMENT=27;

--
-- AUTO_INCREMENT для таблицы `task`
--
ALTER TABLE `task`
  MODIFY `id_task` int NOT NULL AUTO_INCREMENT, AUTO_INCREMENT=51;

--
-- AUTO_INCREMENT для таблицы `users`
--
ALTER TABLE `users`
  MODIFY `id_user` int NOT NULL AUTO_INCREMENT, AUTO_INCREMENT=50;

--
-- Ограничения внешнего ключа сохраненных таблиц
--

--
-- Ограничения внешнего ключа таблицы `courses`
--
ALTER TABLE `courses`
  ADD CONSTRAINT `courses_ibfk_1` FOREIGN KEY (`id_user`) REFERENCES `users` (`id_user`) ON DELETE RESTRICT ON UPDATE RESTRICT;

--
-- Ограничения внешнего ключа таблицы `lessons`
--
ALTER TABLE `lessons`
  ADD CONSTRAINT `lessons_ibfk_1` FOREIGN KEY (`id_course`) REFERENCES `courses` (`id_course`) ON DELETE RESTRICT ON UPDATE RESTRICT;

--
-- Ограничения внешнего ключа таблицы `task`
--
ALTER TABLE `task`
  ADD CONSTRAINT `task_ibfk_1` FOREIGN KEY (`id_lesson`) REFERENCES `lessons` (`id_lesson`) ON DELETE RESTRICT ON UPDATE RESTRICT;

--
-- Ограничения внешнего ключа таблицы `users_courses`
--
ALTER TABLE `users_courses`
  ADD CONSTRAINT `users_courses_ibfk_1` FOREIGN KEY (`id_user`) REFERENCES `users` (`id_user`) ON DELETE RESTRICT ON UPDATE RESTRICT,
  ADD CONSTRAINT `users_courses_ibfk_2` FOREIGN KEY (`id_course`) REFERENCES `courses` (`id_course`) ON DELETE RESTRICT ON UPDATE RESTRICT;
COMMIT;

/*!40101 SET CHARACTER_SET_CLIENT=@OLD_CHARACTER_SET_CLIENT */;
/*!40101 SET CHARACTER_SET_RESULTS=@OLD_CHARACTER_SET_RESULTS */;
/*!40101 SET COLLATION_CONNECTION=@OLD_COLLATION_CONNECTION */;
